"Time","Weight"
1,34.0000000017
2,34.0000000017
3,34.0000000017
4,34.0000000017
5,34.0000000017
