"Time","Weight"
1,139.00000000695
2,139.00000000695
3,139.00000000695
4,139.00000000695
5,139.00000000695
