"Time","Weight"
1,179.00000000895
2,179.00000000895
3,179.00000000895
4,179.00000000895
5,179.00000000895
