"Time","Weight"
1,220.000000011
2,220.000000011
3,220.000000011
4,220.000000011
5,220.000000011
