"Time","Weight"
1,73.00000000365
2,73.00000000365
3,73.00000000365
4,73.00000000365
5,73.00000000365
