"Time","Weight"
1,292.0000000146
2,292.0000000146
3,292.0000000146
4,292.0000000146
5,292.0000000146
