"Time","Weight"
1,103.00000000515
2,103.00000000515
3,103.00000000515
4,103.00000000515
5,103.00000000515
