"Time","Weight"
1,259.00000001295
2,259.00000001295
3,259.00000001295
4,259.00000001295
5,259.00000001295
