"Time","Weight"
1,50.0000000025
2,50.0000000025
3,50.0000000025
4,50.0000000025
5,50.0000000025
