"Time","Weight"
1,318.0000000159
2,318.0000000159
3,318.0000000159
4,318.0000000159
5,318.0000000159
