"Time","Weight"
1,4.54075117481748
2,4.54075117481748
3,4.54075117481748
4,4.54075117481748
5,4.54075117481748
