"Time","Weight"
1,2.4141032778939
2,2.4141032778939
3,2.4141032778939
4,2.4141032778939
5,2.4141032778939
