"Time","Weight"
1,6.20016902929862
2,6.20016902929862
3,6.20016902929862
4,6.20016902929862
5,6.20016902929862
