"Time","Weight"
1,6.63033529390768
2,6.63033529390768
3,6.63033529390768
4,6.63033529390768
5,6.63033529390768
