"Time","Weight"
1,5.1774097382405
2,5.1774097382405
3,5.1774097382405
4,5.1774097382405
5,5.1774097382405
