"Time","Weight"
1,0.503399335093453
2,0.503399335093453
3,0.503399335093453
4,0.503399335093453
5,0.503399335093453
