"Time","Weight"
1,2.41276486370549
2,2.41276486370549
3,2.41276486370549
4,2.41276486370549
5,2.41276486370549
