"Time","Weight"
1,0.555385629948331
2,0.555385629948331
3,0.555385629948331
4,0.555385629948331
5,0.555385629948331
