"Time","Weight"
1,2.69244146130992
2,2.69244146130992
3,2.69244146130992
4,2.69244146130992
5,2.69244146130992
