"Time","Weight"
1,4.1316278371337
2,4.1316278371337
3,4.1316278371337
4,4.1316278371337
5,4.1316278371337
