"Time","Weight"
1,9.30456776387578
2,9.30456776387578
3,9.30456776387578
4,9.30456776387578
5,9.30456776387578
