"Time","Weight"
1,5.06125953270975
2,5.06125953270975
3,5.06125953270975
4,5.06125953270975
5,5.06125953270975
