"Time","Weight"
1,5.88408710470345
2,5.88408710470345
3,5.88408710470345
4,5.88408710470345
5,5.88408710470345
