"Time","Weight"
1,7.1026420950565
2,7.1026420950565
3,7.1026420950565
4,7.1026420950565
5,7.1026420950565
