"Time","Weight"
1,4.54893372518629
2,4.54893372518629
3,4.54893372518629
4,4.54893372518629
5,4.54893372518629
