"Time","Weight"
1,4.51373407444837
2,4.51373407444837
3,4.51373407444837
4,4.51373407444837
5,4.51373407444837
