"Time","Weight"
1,7.67541221352279
2,7.67541221352279
3,7.67541221352279
4,7.67541221352279
5,7.67541221352279
