"Time","Weight"
1,0.573463097786308
2,0.573463097786308
3,0.573463097786308
4,0.573463097786308
5,0.573463097786308
