"Time","Weight"
1,0.629877646251008
2,0.629877646251008
3,0.629877646251008
4,0.629877646251008
5,0.629877646251008
