"Time","Weight"
1,0.633122989259117
2,0.633122989259117
3,0.633122989259117
4,0.633122989259117
5,0.633122989259117
