"Time","Weight"
1,2.2721672755508
2,2.2721672755508
3,2.2721672755508
4,2.2721672755508
5,2.2721672755508
