"Time","Weight"
1,8.30895596736171
2,8.30895596736171
3,8.30895596736171
4,8.30895596736171
5,8.30895596736171
