"Time","Weight"
1,2.4710476751978
2,2.4710476751978
3,2.4710476751978
4,2.4710476751978
5,2.4710476751978
