"Time","Weight"
1,2.52696354895884
2,2.52696354895884
3,2.52696354895884
4,2.52696354895884
5,2.52696354895884
