"Time","Weight"
1,7.42304557336849
2,7.42304557336849
3,7.42304557336849
4,7.42304557336849
5,7.42304557336849
