"Time","Weight"
1,8.59149008567215
2,8.59149008567215
3,8.59149008567215
4,8.59149008567215
5,8.59149008567215
