"Time","Weight"
1,0.574767429568255
2,0.574767429568255
3,0.574767429568255
4,0.574767429568255
5,0.574767429568255
