"Time","Weight"
1,7.41591304337849
2,7.41591304337849
3,7.41591304337849
4,7.41591304337849
5,7.41591304337849
