"Time","Weight"
1,6.33611193318101
2,6.33611193318101
3,6.33611193318101
4,6.33611193318101
5,6.33611193318101
