"Time","Weight"
1,4.53425626973188
2,4.53425626973188
3,4.53425626973188
4,4.53425626973188
5,4.53425626973188
