"Time","Weight"
1,7.65372854680981
2,7.65372854680981
3,7.65372854680981
4,7.65372854680981
5,7.65372854680981
