"Time","Weight"
1,1.01910482255617
2,1.01910482255617
3,1.01910482255617
4,1.01910482255617
5,1.01910482255617
