"Time","Weight"
1,6.35169790076023
2,6.35169790076023
3,6.35169790076023
4,6.35169790076023
5,6.35169790076023
