"Time","Weight"
1,0.149136152589285
2,0.149136152589285
3,0.149136152589285
4,0.149136152589285
5,0.149136152589285
