"Time","Weight"
1,4.0123636974608
2,4.0123636974608
3,4.0123636974608
4,4.0123636974608
5,4.0123636974608
