"Time","Weight"
1,0.821952462449269
2,0.821952462449269
3,0.821952462449269
4,0.821952462449269
5,0.821952462449269
