"Time","Weight"
1,1.86268614809357
2,1.86268614809357
3,1.86268614809357
4,1.86268614809357
5,1.86268614809357
