"Time","Weight"
1,2.98656124202013
2,2.98656124202013
3,2.98656124202013
4,2.98656124202013
5,2.98656124202013
