"Time","Weight"
1,4.08136661250376
2,4.08136661250376
3,4.08136661250376
4,4.08136661250376
5,4.08136661250376
