"Time","Weight"
1,2.99616832021202
2,2.99616832021202
3,2.99616832021202
4,2.99616832021202
5,2.99616832021202
