"Time","Weight"
1,1.09102625860263
2,1.09102625860263
3,1.09102625860263
4,1.09102625860263
5,1.09102625860263
