"Time","Weight"
1,2.45722625764132
2,2.45722625764132
3,2.45722625764132
4,2.45722625764132
5,2.45722625764132
