"Time","Weight"
1,2.23477821700917
2,2.23477821700917
3,2.23477821700917
4,2.23477821700917
5,2.23477821700917
