"Time","Weight"
1,2.46496462070124
2,2.46496462070124
3,2.46496462070124
4,2.46496462070124
5,2.46496462070124
