"Time","Weight"
1,2.01416021951339
2,2.01416021951339
3,2.01416021951339
4,2.01416021951339
5,2.01416021951339
