"Time","Weight"
1,1.61940914548752
2,1.61940914548752
3,1.61940914548752
4,1.61940914548752
5,1.61940914548752
