"Time","Weight"
1,2.35136943290967
2,2.35136943290967
3,2.35136943290967
4,2.35136943290967
5,2.35136943290967
