"Time","Weight"
1,2.41136776468928
2,2.41136776468928
3,2.41136776468928
4,2.41136776468928
5,2.41136776468928
