"Time","Weight"
1,0.277917217709389
2,0.277917217709389
3,0.277917217709389
4,0.277917217709389
5,0.277917217709389
