"Time","Weight"
1,2.44184453442343
2,2.44184453442343
3,2.44184453442343
4,2.44184453442343
5,2.44184453442343
