"Time","Weight"
1,0.995828145386506
2,0.995828145386506
3,0.995828145386506
4,0.995828145386506
5,0.995828145386506
