"Time","Weight"
1,2.2479331926205
2,2.2479331926205
3,2.2479331926205
4,2.2479331926205
5,2.2479331926205
