"Time","Weight"
1,5.35287850469246
2,5.35287850469246
3,5.35287850469246
4,5.35287850469246
5,5.35287850469246
