"Time","Weight"
1,5.99735872267997
2,5.99735872267997
3,5.99735872267997
4,5.99735872267997
5,5.99735872267997
