"Time","Weight"
1,6.47393765557803
2,6.47393765557803
3,6.47393765557803
4,6.47393765557803
5,6.47393765557803
