"Time","Weight"
1,4.50831217930256
2,4.50831217930256
3,4.50831217930256
4,4.50831217930256
5,4.50831217930256
