"Time","Weight"
1,6.81922313062876
2,6.81922313062876
3,6.81922313062876
4,6.81922313062876
5,6.81922313062876
