"Time","Weight"
1,3.45541888811369
2,3.45541888811369
3,3.45541888811369
4,3.45541888811369
5,3.45541888811369
