"Time","Weight"
1,0.217051213475318
2,0.217051213475318
3,0.217051213475318
4,0.217051213475318
5,0.217051213475318
