"Time","Weight"
1,1.05908953327908
2,1.05908953327908
3,1.05908953327908
4,1.05908953327908
5,1.05908953327908
