"Time","Weight"
1,7.06600876446786
2,7.06600876446786
3,7.06600876446786
4,7.06600876446786
5,7.06600876446786
