"Time","Weight"
1,2.0174627232766
2,2.0174627232766
3,2.0174627232766
4,2.0174627232766
5,2.0174627232766
