"Time","Weight"
1,0.438953074801518
2,0.438953074801518
3,0.438953074801518
4,0.438953074801518
5,0.438953074801518
