"Time","Weight"
1,2.01661437660105
2,2.01661437660105
3,2.01661437660105
4,2.01661437660105
5,2.01661437660105
