"Time","Weight"
1,1.66545795567126
2,1.66545795567126
3,1.66545795567126
4,1.66545795567126
5,1.66545795567126
