"Time","Weight"
1,2.00899929058906
2,2.00899929058906
3,2.00899929058906
4,2.00899929058906
5,2.00899929058906
