"Time","Weight"
1,2.0144610069529
2,2.0144610069529
3,2.0144610069529
4,2.0144610069529
5,2.0144610069529
