"Time","Weight"
1,1.96034955182447
2,1.96034955182447
3,1.96034955182447
4,1.96034955182447
5,1.96034955182447
