"Time","Weight"
1,1.87375154710765
2,1.87375154710765
3,1.87375154710765
4,1.87375154710765
5,1.87375154710765
