"Time","Weight"
1,1.99517354501728
2,1.99517354501728
3,1.99517354501728
4,1.99517354501728
5,1.99517354501728
