"Time","Weight"
1,1.20754938672185
2,1.20754938672185
3,1.20754938672185
4,1.20754938672185
5,1.20754938672185
