"Time","Weight"
1,32.7250625016363
2,32.7250625016363
3,32.7250625016363
4,32.7250625016363
5,32.7250625016363
