"Time","Weight"
1,65.0643125032532
2,65.0643125032532
3,65.0643125032532
4,65.0643125032532
5,65.0643125032532
