"Time","Weight"
1,71.1055625035553
2,71.1055625035553
3,71.1055625035553
4,71.1055625035553
5,71.1055625035553
