"Time","Weight"
1,70.1976875035099
2,70.1976875035099
3,70.1976875035099
4,70.1976875035099
5,70.1976875035099
