"Time","Weight"
1,60.179000003009
2,60.179000003009
3,60.179000003009
4,60.179000003009
5,60.179000003009
