"Time","Weight"
1,71.0330000035516
2,71.0330000035516
3,71.0330000035516
4,71.0330000035516
5,71.0330000035516
