"Time","Weight"
1,44.3030000022151
2,44.3030000022151
3,44.3030000022151
4,44.3030000022151
5,44.3030000022151
