"Time","Weight"
1,70.7090000035355
2,70.7090000035355
3,70.7090000035355
4,70.7090000035355
5,70.7090000035355
