"Time","Weight"
1,53.3564375026678
2,53.3564375026678
3,53.3564375026678
4,53.3564375026678
5,53.3564375026678
