"Time","Weight"
1,68.3060000034153
2,68.3060000034153
3,68.3060000034153
4,68.3060000034153
5,68.3060000034153
