"Time","Weight"
1,0.030568978531115
2,0.030568978531115
3,0.030568978531115
4,0.030568978531115
5,0.030568978531115
