"Time","Weight"
1,0.140817326698352
2,0.140817326698352
3,0.140817326698352
4,0.140817326698352
5,0.140817326698352
