"Time","Weight"
1,0.0697555109537439
2,0.0697555109537439
3,0.0697555109537439
4,0.0697555109537439
5,0.0697555109537439
