"Time","Weight"
1,0.0069601838611629
2,0.0069601838611629
3,0.0069601838611629
4,0.0069601838611629
5,0.0069601838611629
