"Time","Weight"
1,0.132040933682572
2,0.132040933682572
3,0.132040933682572
4,0.132040933682572
5,0.132040933682572
