"Time","Weight"
1,0.153042069324203
2,0.153042069324203
3,0.153042069324203
4,0.153042069324203
5,0.153042069324203
