"Time","Weight"
1,0.0634921579187494
2,0.0634921579187494
3,0.0634921579187494
4,0.0634921579187494
5,0.0634921579187494
