"Time","Weight"
1,0.0951363900209535
2,0.0951363900209535
3,0.0951363900209535
4,0.0951363900209535
5,0.0951363900209535
