"Time","Weight"
1,0.154980251819797
2,0.154980251819797
3,0.154980251819797
4,0.154980251819797
5,0.154980251819797
