"Time","Weight"
1,0.104060157164481
2,0.104060157164481
3,0.104060157164481
4,0.104060157164481
5,0.104060157164481
