"Time","Weight"
1,0.0337655685833196
2,0.0337655685833196
3,0.0337655685833196
4,0.0337655685833196
5,0.0337655685833196
