"Time","Weight"
1,0.121149653353692
2,0.121149653353692
3,0.121149653353692
4,0.121149653353692
5,0.121149653353692
