"Time","Weight"
1,0.006260986680026
2,0.006260986680026
3,0.006260986680026
4,0.006260986680026
5,0.006260986680026
