"Time","Weight"
1,24627.2503610333
2,24627.2503610333
3,24627.2503610333
4,24627.2503610333
5,24627.2503610333
