"Time","Weight"
1,24652.5527656988
2,24652.5527656988
3,24652.5527656988
4,24652.5527656988
5,24652.5527656988
