"Time","Weight"
1,24652.4892375523
2,24652.4892375523
3,24652.4892375523
4,24652.4892375523
5,24652.4892375523
