"Time","Weight"
1,24649.1104138056
2,24649.1104138056
3,24649.1104138056
4,24649.1104138056
5,24649.1104138056
