"Time","Weight"
1,24652.0846784643
2,24652.0846784643
3,24652.0846784643
4,24652.0846784643
5,24652.0846784643
