"Time","Weight"
1,24652.5517477345
2,24652.5517477345
3,24652.5517477345
4,24652.5517477345
5,24652.5517477345
