"Time","Weight"
1,15899.4659544449
2,15899.4659544449
3,15899.4659544449
4,15899.4659544449
5,15899.4659544449
