"Time","Weight"
1,24652.5442634542
2,24652.5442634542
3,24652.5442634542
4,24652.5442634542
5,24652.5442634542
