"Time","Weight"
1,23309.5125245375
2,23309.5125245375
3,23309.5125245375
4,23309.5125245375
5,23309.5125245375
