"Time","Weight"
1,24466.9275080628
2,24466.9275080628
3,24466.9275080628
4,24466.9275080628
5,24466.9275080628
