"Time","Weight"
1,17.0747953146736
2,17.0747953146736
3,17.0747953146736
4,17.0747953146736
5,17.0747953146736
