"Time","Weight"
1,0.905169153193161
2,0.905169153193161
3,0.905169153193161
4,0.905169153193161
5,0.905169153193161
