"Time","Weight"
1,14.9619086112327
2,14.9619086112327
3,14.9619086112327
4,14.9619086112327
5,14.9619086112327
