"Time","Weight"
1,20.5826729447484
2,20.5826729447484
3,20.5826729447484
4,20.5826729447484
5,20.5826729447484
