"Time","Weight"
1,8.28872203908655
2,8.28872203908655
3,8.28872203908655
4,8.28872203908655
5,8.28872203908655
