"Time","Weight"
1,20.1594835711606
2,20.1594835711606
3,20.1594835711606
4,20.1594835711606
5,20.1594835711606
