"Time","Weight"
1,4.16126102474052
2,4.16126102474052
3,4.16126102474052
4,4.16126102474052
5,4.16126102474052
