"Time","Weight"
1,18.5328772421362
2,18.5328772421362
3,18.5328772421362
4,18.5328772421362
5,18.5328772421362
