"Time","Weight"
1,12.0351191847405
2,12.0351191847405
3,12.0351191847405
4,12.0351191847405
5,12.0351191847405
