"Time","Weight"
1,19.5123353954658
2,19.5123353954658
3,19.5123353954658
4,19.5123353954658
5,19.5123353954658
