"Time","Weight"
1,3.30689357184488
2,3.30689357184488
3,3.30689357184488
4,3.30689357184488
5,3.30689357184488
