"Time","Weight"
1,3.30607076516335
2,3.30607076516335
3,3.30607076516335
4,3.30607076516335
5,3.30607076516335
