"Time","Weight"
1,0.852036950527597
2,0.852036950527597
3,0.852036950527597
4,0.852036950527597
5,0.852036950527597
