"Time","Weight"
1,3.23929257958136
2,3.23929257958136
3,3.23929257958136
4,3.23929257958136
5,3.23929257958136
