"Time","Weight"
1,2.14282897220501
2,2.14282897220501
3,2.14282897220501
4,2.14282897220501
5,2.14282897220501
