"Time","Weight"
1,2.83551391608772
2,2.83551391608772
3,2.83551391608772
4,2.83551391608772
5,2.83551391608772
