"Time","Weight"
1,3.12635565334428
2,3.12635565334428
3,3.12635565334428
4,3.12635565334428
5,3.12635565334428
