"Time","Weight"
1,3.28195662308584
2,3.28195662308584
3,3.28195662308584
4,3.28195662308584
5,3.28195662308584
