"Time","Weight"
1,3.30385840799049
2,3.30385840799049
3,3.30385840799049
4,3.30385840799049
5,3.30385840799049
