"Time","Weight"
1,3.29791286982215
2,3.29791286982215
3,3.29791286982215
4,3.29791286982215
5,3.29791286982215
