"Time","Weight"
1,0.431922893758423
2,0.431922893758423
3,0.431922893758423
4,0.431922893758423
5,0.431922893758423
