"Time","Weight"
1,0.607938104698009
2,0.607938104698009
3,0.607938104698009
4,0.607938104698009
5,0.607938104698009
