"Time","Weight"
1,0.256965364730902
2,0.256965364730902
3,0.256965364730902
4,0.256965364730902
5,0.256965364730902
