"Time","Weight"
1,0.0196892983857995
2,0.0196892983857995
3,0.0196892983857995
4,0.0196892983857995
5,0.0196892983857995
