"Time","Weight"
1,1.1214753955169
2,1.1214753955169
3,1.1214753955169
4,1.1214753955169
5,1.1214753955169
