"Time","Weight"
1,1.1973276023076
2,1.1973276023076
3,1.1973276023076
4,1.1973276023076
5,1.1973276023076
