"Time","Weight"
1,0.10898085488993
2,0.10898085488993
3,0.10898085488993
4,0.10898085488993
5,0.10898085488993
