"Time","Weight"
1,1.0264434607315
2,1.0264434607315
3,1.0264434607315
4,1.0264434607315
5,1.0264434607315
