"Time","Weight"
1,0.909560023686297
2,0.909560023686297
3,0.909560023686297
4,0.909560023686297
5,0.909560023686297
