"Time","Weight"
1,0.769506786653607
2,0.769506786653607
3,0.769506786653607
4,0.769506786653607
5,0.769506786653607
