"Time","Weight"
1,0.916666666745833
2,0.916666666745833
3,0.916666666745833
4,0.916666666745833
5,0.916666666745833
