"Time","Weight"
1,3.29449224163595
2,3.29449224163595
3,3.29449224163595
4,3.29449224163595
5,3.29449224163595
