"Time","Weight"
1,5.0374194051036
2,5.0374194051036
3,5.0374194051036
4,5.0374194051036
5,5.0374194051036
