"Time","Weight"
1,6.04169486399233
2,6.04169486399233
3,6.04169486399233
4,6.04169486399233
5,6.04169486399233
