"Time","Weight"
1,4.26741654975496
2,4.26741654975496
3,4.26741654975496
4,4.26741654975496
5,4.26741654975496
