"Time","Weight"
1,1.03015863257625
2,1.03015863257625
3,1.03015863257625
4,1.03015863257625
5,1.03015863257625
