"Time","Weight"
1,2.16243576486459
2,2.16243576486459
3,2.16243576486459
4,2.16243576486459
5,2.16243576486459
