"Time","Weight"
1,0.214192667802446
2,0.214192667802446
3,0.214192667802446
4,0.214192667802446
5,0.214192667802446
