"Time","Weight"
1,5.61766490351461
2,5.61766490351461
3,5.61766490351461
4,5.61766490351461
5,5.61766490351461
