"Time","Weight"
1,0.133746746293253
2,0.133746746293253
3,0.133746746293253
4,0.133746746293253
5,0.133746746293253
