"Time","Weight"
1,0.0984960761851146
2,0.0984960761851146
3,0.0984960761851146
4,0.0984960761851146
5,0.0984960761851146
