"Time","Weight"
1,0.117595300354416
2,0.117595300354416
3,0.117595300354416
4,0.117595300354416
5,0.117595300354416
