"Time","Weight"
1,0.076803923953484
2,0.076803923953484
3,0.076803923953484
4,0.076803923953484
5,0.076803923953484
