"Time","Weight"
1,0.0536178812197287
2,0.0536178812197287
3,0.0536178812197287
4,0.0536178812197287
5,0.0536178812197287
