"Time","Weight"
1,0.0127142791920342
2,0.0127142791920342
3,0.0127142791920342
4,0.0127142791920342
5,0.0127142791920342
