"Time","Weight"
1,0.031123643936817
2,0.031123643936817
3,0.031123643936817
4,0.031123643936817
5,0.031123643936817
