"Time","Weight"
1,0.00214432954447812
2,0.00214432954447812
3,0.00214432954447812
4,0.00214432954447812
5,0.00214432954447812
