"Time","Weight"
1,1.23556456752319
2,1.23556456752319
3,1.23556456752319
4,1.23556456752319
5,1.23556456752319
