"Time","Weight"
1,0.883981122757994
2,0.883981122757994
3,0.883981122757994
4,0.883981122757994
5,0.883981122757994
