"Time","Weight"
1,1.20012523733575
2,1.20012523733575
3,1.20012523733575
4,1.20012523733575
5,1.20012523733575
