"Time","Weight"
1,267.546800013377
2,267.546800013377
3,267.546800013377
4,267.546800013377
5,267.546800013377
