"Time","Weight"
1,170.21180000851
2,170.21180000851
3,170.21180000851
4,170.21180000851
5,170.21180000851
