"Time","Weight"
1,100.358362505018
2,100.358362505018
3,100.358362505018
4,100.358362505018
5,100.358362505018
