"Time","Weight"
1,270.650862513532
2,270.650862513532
3,270.650862513532
4,270.650862513532
5,270.650862513532
