"Time","Weight"
1,246.586800012329
2,246.586800012329
3,246.586800012329
4,246.586800012329
5,246.586800012329
