"Time","Weight"
1,281.581800014079
2,281.581800014079
3,281.581800014079
4,281.581800014079
5,281.581800014079
