"Time","Weight"
1,261.789612513089
2,261.789612513089
3,261.789612513089
4,261.789612513089
5,261.789612513089
