"Time","Weight"
1,267.928987513396
2,267.928987513396
3,267.928987513396
4,267.928987513396
5,267.928987513396
