"Time","Weight"
1,267.456800013373
2,267.456800013373
3,267.456800013373
4,267.456800013373
5,267.456800013373
