"Time","Weight"
1,217.507737510875
2,217.507737510875
3,217.507737510875
4,217.507737510875
5,217.507737510875
