"Time","Weight"
1,1.12041645046601
2,1.12041645046601
3,1.12041645046601
4,1.12041645046601
5,1.12041645046601
