"Time","Weight"
1,1.41042164878682
2,1.41042164878682
3,1.41042164878682
4,1.41042164878682
5,1.41042164878682
