"Time","Weight"
1,0.34883453028088
2,0.34883453028088
3,0.34883453028088
4,0.34883453028088
5,0.34883453028088
