"Time","Weight"
1,1.4295303942394
2,1.4295303942394
3,1.4295303942394
4,1.4295303942394
5,1.4295303942394
