"Time","Weight"
1,0.930197573669166
2,0.930197573669166
3,0.930197573669166
4,0.930197573669166
5,0.930197573669166
