"Time","Weight"
1,0.0785897130992474
2,0.0785897130992474
3,0.0785897130992474
4,0.0785897130992474
5,0.0785897130992474
