"Time","Weight"
1,1.24727351213946
2,1.24727351213946
3,1.24727351213946
4,1.24727351213946
5,1.24727351213946
