"Time","Weight"
1,1.37916200044068
2,1.37916200044068
3,1.37916200044068
4,1.37916200044068
5,1.37916200044068
