"Time","Weight"
1,0.66573272502807
2,0.66573272502807
3,0.66573272502807
4,0.66573272502807
5,0.66573272502807
