"Time","Weight"
1,1.32844144243091
2,1.32844144243091
3,1.32844144243091
4,1.32844144243091
5,1.32844144243091
