"Time","Weight"
1,1.24500000006225
2,1.24500000006225
3,1.24500000006225
4,1.24500000006225
5,1.24500000006225
