"Time","Weight"
1,43.8274216021913
2,43.8274216021913
3,43.8274216021913
4,43.8274216021913
5,43.8274216021913
