"Time","Weight"
1,50.0761000025039
2,50.0761000025039
3,50.0761000025039
4,50.0761000025039
5,50.0761000025039
