"Time","Weight"
1,48.6863272024342
2,48.6863272024342
3,48.6863272024342
4,48.6863272024342
5,48.6863272024342
