"Time","Weight"
1,50.5657000025283
2,50.5657000025283
3,50.5657000025283
4,50.5657000025283
5,50.5657000025283
