"Time","Weight"
1,47.657130402383
2,47.657130402383
3,47.657130402383
4,47.657130402383
5,47.657130402383
