"Time","Weight"
1,18.4933288009246
2,18.4933288009246
3,18.4933288009246
4,18.4933288009246
5,18.4933288009246
