"Time","Weight"
1,46.4528296023226
2,46.4528296023226
3,46.4528296023226
4,46.4528296023226
5,46.4528296023226
