"Time","Weight"
1,34.1971624017098
2,34.1971624017098
3,34.1971624017098
4,34.1971624017098
5,34.1971624017098
