"Time","Weight"
1,49.2989608024648
2,49.2989608024648
3,49.2989608024648
4,49.2989608024648
5,49.2989608024648
