"Time","Weight"
1,46.9882792023494
2,46.9882792023494
3,46.9882792023494
4,46.9882792023494
5,46.9882792023494
