"Time","Weight"
1,4.500000000225
2,4.500000000225
3,4.500000000225
4,4.500000000225
5,4.500000000225
