"Time","Weight"
1,0.617477720387643
2,0.617477720387643
3,0.617477720387643
4,0.617477720387643
5,0.617477720387643
