"Time","Weight"
1,0.29075335298208
2,0.29075335298208
3,0.29075335298208
4,0.29075335298208
5,0.29075335298208
