"Time","Weight"
1,0.684210857249143
2,0.684210857249143
3,0.684210857249143
4,0.684210857249143
5,0.684210857249143
