"Time","Weight"
1,0.734054866428769
2,0.734054866428769
3,0.734054866428769
4,0.734054866428769
5,0.734054866428769
