"Time","Weight"
1,0.530260935674202
2,0.530260935674202
3,0.530260935674202
4,0.530260935674202
5,0.530260935674202
