"Time","Weight"
1,0.797344251545294
2,0.797344251545294
3,0.797344251545294
4,0.797344251545294
5,0.797344251545294
