"Time","Weight"
1,0.153867108707153
2,0.153867108707153
3,0.153867108707153
4,0.153867108707153
5,0.153867108707153
