"Time","Weight"
1,0.420501225102068
2,0.420501225102068
3,0.420501225102068
4,0.420501225102068
5,0.420501225102068
