"Time","Weight"
1,0.770696284889457
2,0.770696284889457
3,0.770696284889457
4,0.770696284889457
5,0.770696284889457
