"Time","Weight"
1,0.0410238958157484
2,0.0410238958157484
3,0.0410238958157484
4,0.0410238958157484
5,0.0410238958157484
