"Time","Weight"
1,3224.39026716122
2,3224.39026716122
3,3224.39026716122
4,3224.39026716122
5,3224.39026716122
