"Time","Weight"
1,2999.19384514996
2,2999.19384514996
3,2999.19384514996
4,2999.19384514996
5,2999.19384514996
