"Time","Weight"
1,2012.24760310061
2,2012.24760310061
3,2012.24760310061
4,2012.24760310061
5,2012.24760310061
