"Time","Weight"
1,3357.05320816785
2,3357.05320816785
3,3357.05320816785
4,3357.05320816785
5,3357.05320816785
