"Time","Weight"
1,3325.9826291663
2,3325.9826291663
3,3325.9826291663
4,3325.9826291663
5,3325.9826291663
