"Time","Weight"
1,2.68568023785084
2,2.68568023785084
3,2.68568023785084
4,2.68568023785084
5,2.68568023785084
