"Time","Weight"
1,5.07773007115248
2,5.07773007115248
3,5.07773007115248
4,5.07773007115248
5,5.07773007115248
