"Time","Weight"
1,469.109286154817
2,469.109286154817
3,469.109286154817
4,469.109286154817
5,469.109286154817
