"Time","Weight"
1,187.448715713385
2,187.448715713385
3,187.448715713385
4,187.448715713385
5,187.448715713385
