"Time","Weight"
1,496.144433489191
2,496.144433489191
3,496.144433489191
4,496.144433489191
5,496.144433489191
