"Time","Weight"
1,392.938241164517
2,392.938241164517
3,392.938241164517
4,392.938241164517
5,392.938241164517
