"Time","Weight"
1,483.95931805277
2,483.95931805277
3,483.95931805277
4,483.95931805277
5,483.95931805277
