"Time","Weight"
1,441.78913631673
2,441.78913631673
3,441.78913631673
4,441.78913631673
5,441.78913631673
