"Time","Weight"
1,52.2383197531896
2,52.2383197531896
3,52.2383197531896
4,52.2383197531896
5,52.2383197531896
