"Time","Weight"
1,491.91465956193
2,491.91465956193
3,491.91465956193
4,491.91465956193
5,491.91465956193
