"Time","Weight"
1,310.470441236652
2,310.470441236652
3,310.470441236652
4,310.470441236652
5,310.470441236652
