"Time","Weight"
1,498.384519819809
2,498.384519819809
3,498.384519819809
4,498.384519819809
5,498.384519819809
