"Time","Weight"
1,8.90352831450689
2,8.90352831450689
3,8.90352831450689
4,8.90352831450689
5,8.90352831450689
