"Time","Weight"
1,15.4575840572674
2,15.4575840572674
3,15.4575840572674
4,15.4575840572674
5,15.4575840572674
