"Time","Weight"
1,11.1335534521327
2,11.1335534521327
3,11.1335534521327
4,11.1335534521327
5,11.1335534521327
