"Time","Weight"
1,13.3362475897483
2,13.3362475897483
3,13.3362475897483
4,13.3362475897483
5,13.3362475897483
