"Time","Weight"
1,6.72019518646756
2,6.72019518646756
3,6.72019518646756
4,6.72019518646756
5,6.72019518646756
