"Time","Weight"
1,0.526781091254299
2,0.526781091254299
3,0.526781091254299
4,0.526781091254299
5,0.526781091254299
