"Time","Weight"
1,4.67832125351569
2,4.67832125351569
3,4.67832125351569
4,4.67832125351569
5,4.67832125351569
