"Time","Weight"
1,2.89003337745483
2,2.89003337745483
3,2.89003337745483
4,2.89003337745483
5,2.89003337745483
