"Time","Weight"
1,1.47342457701497
2,1.47342457701497
3,1.47342457701497
4,1.47342457701497
5,1.47342457701497
