"Time","Weight"
1,0.0785335633274978
2,0.0785335633274978
3,0.0785335633274978
4,0.0785335633274978
5,0.0785335633274978
