"Time","Weight"
1,0.136064342955466
2,0.136064342955466
3,0.136064342955466
4,0.136064342955466
5,0.136064342955466
