"Time","Weight"
1,0.152159299167648
2,0.152159299167648
3,0.152159299167648
4,0.152159299167648
5,0.152159299167648
