"Time","Weight"
1,0.00346571214297561
2,0.00346571214297561
3,0.00346571214297561
4,0.00346571214297561
5,0.00346571214297561
