"Time","Weight"
1,0.116424341056666
2,0.116424341056666
3,0.116424341056666
4,0.116424341056666
5,0.116424341056666
