"Time","Weight"
1,0.0675119402029843
2,0.0675119402029843
3,0.0675119402029843
4,0.0675119402029843
5,0.0675119402029843
