"Time","Weight"
1,0.0411564978895525
2,0.0411564978895525
3,0.0411564978895525
4,0.0411564978895525
5,0.0411564978895525
