"Time","Weight"
1,0.0933002043804685
2,0.0933002043804685
3,0.0933002043804685
4,0.0933002043804685
5,0.0933002043804685
