"Time","Weight"
1,0.0180748367985297
2,0.0180748367985297
3,0.0180748367985297
4,0.0180748367985297
5,0.0180748367985297
