"Time","Weight"
1,0.0536255281579941
2,0.0536255281579941
3,0.0536255281579941
4,0.0536255281579941
5,0.0536255281579941
