"Time","Weight"
1,0.00505984720055209
2,0.00505984720055209
3,0.00505984720055209
4,0.00505984720055209
5,0.00505984720055209
