"Time","Weight"
1,0.025639676360864
2,0.025639676360864
3,0.025639676360864
4,0.025639676360864
5,0.025639676360864
