"Time","Weight"
1,0.101577778069234
2,0.101577778069234
3,0.101577778069234
4,0.101577778069234
5,0.101577778069234
