"Time","Weight"
1,0.0801771237511056
2,0.0801771237511056
3,0.0801771237511056
4,0.0801771237511056
5,0.0801771237511056
