"Time","Weight"
1,0.117573560326384
2,0.117573560326384
3,0.117573560326384
4,0.117573560326384
5,0.117573560326384
