"Time","Weight"
1,0.638562815254877
2,0.638562815254877
3,0.638562815254877
4,0.638562815254877
5,0.638562815254877
