"Time","Weight"
1,0.588942825608806
2,0.588942825608806
3,0.588942825608806
4,0.588942825608806
5,0.588942825608806
