"Time","Weight"
1,0.649074670410979
2,0.649074670410979
3,0.649074670410979
4,0.649074670410979
5,0.649074670410979
