"Time","Weight"
1,0.623656253189364
2,0.623656253189364
3,0.623656253189364
4,0.623656253189364
5,0.623656253189364
