"Time","Weight"
1,0.354269278760926
2,0.354269278760926
3,0.354269278760926
4,0.354269278760926
5,0.354269278760926
