"Time","Weight"
1,0.511254625828347
2,0.511254625828347
3,0.511254625828347
4,0.511254625828347
5,0.511254625828347
