"Time","Weight"
1,0.648611983038331
2,0.648611983038331
3,0.648611983038331
4,0.648611983038331
5,0.648611983038331
