"Time","Weight"
1,0.647505332962377
2,0.647505332962377
3,0.647505332962377
4,0.647505332962377
5,0.647505332962377
