"Time","Weight"
1,0.64486151381534
2,0.64486151381534
3,0.64486151381534
4,0.64486151381534
5,0.64486151381534
