"Time","Weight"
1,8.15085515841746
2,8.15085515841746
3,8.15085515841746
4,8.15085515841746
5,8.15085515841746
