"Time","Weight"
1,7.79849155072729
2,7.79849155072729
3,7.79849155072729
4,7.79849155072729
5,7.79849155072729
