"Time","Weight"
1,0.172549176828791
2,0.172549176828791
3,0.172549176828791
4,0.172549176828791
5,0.172549176828791
