"Time","Weight"
1,6.68060930356051
2,6.68060930356051
3,6.68060930356051
4,6.68060930356051
5,6.68060930356051
