"Time","Weight"
1,0.961099654981274
2,0.961099654981274
3,0.961099654981274
4,0.961099654981274
5,0.961099654981274
