"Time","Weight"
1,7.31999153098455
2,7.31999153098455
3,7.31999153098455
4,7.31999153098455
5,7.31999153098455
