"Time","Weight"
1,2.19711577754086
2,2.19711577754086
3,2.19711577754086
4,2.19711577754086
5,2.19711577754086
