"Time","Weight"
1,5.8464281378847
2,5.8464281378847
3,5.8464281378847
4,5.8464281378847
5,5.8464281378847
