"Time","Weight"
1,4.79675919457784
2,4.79675919457784
3,4.79675919457784
4,4.79675919457784
5,4.79675919457784
