"Time","Weight"
1,3.54865434058067
2,3.54865434058067
3,3.54865434058067
4,3.54865434058067
5,3.54865434058067
