"Time","Weight"
1,2968.39150614842
2,2968.39150614842
3,2968.39150614842
4,2968.39150614842
5,2968.39150614842
