"Time","Weight"
1,2486.14824512431
2,2486.14824512431
3,2486.14824512431
4,2486.14824512431
5,2486.14824512431
