"Time","Weight"
1,3402.37388017012
2,3402.37388017012
3,3402.37388017012
4,3402.37388017012
5,3402.37388017012
