"Time","Weight"
1,3343.08654316715
2,3343.08654316715
3,3343.08654316715
4,3343.08654316715
5,3343.08654316715
