"Time","Weight"
1,3380.028770169
2,3380.028770169
3,3380.028770169
4,3380.028770169
5,3380.028770169
