"Time","Catch"
1,221.448330946957
2,221.448330946957
3,221.448330946957
4,221.448330946957
5,221.448330946957
