"Time","Catch"
1,6849.67252478293
2,6849.67252478293
3,6849.67252478293
4,6849.67252478293
5,6849.67252478293
