"Time","Catch"
1,105.5632125252
2,105.5632125252
3,105.5632125252
4,105.5632125252
5,105.5632125252
