"Time","Catch"
1,3.85883512851037
2,3.85883512851037
3,3.85883512851037
4,3.85883512851037
5,3.85883512851037
