"Time","Catch"
1,0.261696586505759
2,0.261696586505759
3,0.261696586505759
4,0.261696586505759
5,0.261696586505759
