"Time","Catch"
1,0.00216278170665916
2,0.00216278170665916
3,0.00216278170665916
4,0.00216278170665916
5,0.00216278170665916
