"Time","Catch"
1,1.1319999444121
2,1.1319999444121
3,1.1319999444121
4,1.1319999444121
5,1.1319999444121
