"Time","Catch"
1,0.0994879586994042
2,0.0994879586994042
3,0.0994879586994042
4,0.0994879586994042
5,0.0994879586994042
