"Time","Catch"
1,13.2063776828327
2,13.2063776828327
3,13.2063776828327
4,13.2063776828327
5,13.2063776828327
