"Time","Catch"
1,1.37336638639395
2,1.37336638639395
3,1.37336638639395
4,1.37336638639395
5,1.37336638639395
