"Time","Catch"
1,2.01311721646534
2,2.01311721646534
3,2.01311721646534
4,2.01311721646534
5,2.01311721646534
