"Time","Catch"
1,0.438179573727179
2,0.438179573727179
3,0.438179573727179
4,0.438179573727179
5,0.438179573727179
