"Time","Catch"
1,1.66274657927416
2,1.66274657927416
3,1.66274657927416
4,1.66274657927416
5,1.66274657927416
