"Time","Catch"
1,2683.36238621427
2,2683.36238621427
3,2683.36238621427
4,2683.36238621427
5,2683.36238621427
