"Time","Catch"
1,23.1468296108541
2,23.1468296108541
3,23.1468296108541
4,23.1468296108541
5,23.1468296108541
