"Time","Catch"
1,1729.23020364486
2,1729.23020364486
3,1729.23020364486
4,1729.23020364486
5,1729.23020364486
