"Time","Catch"
1,118.867391998376
2,118.867391998376
3,118.867391998376
4,118.867391998376
5,118.867391998376
