"Time","Catch"
1,1.04604504397448
2,1.04604504397448
3,1.04604504397448
4,1.04604504397448
5,1.04604504397448
