"Time","Catch"
1,189.529061021599
2,189.529061021599
3,189.529061021599
4,189.529061021599
5,189.529061021599
