"Time","Catch"
1,473.023414151662
2,473.023414151662
3,473.023414151662
4,473.023414151662
5,473.023414151662
