"Time","Catch"
1,0.606452998693633
2,0.606452998693633
3,0.606452998693633
4,0.606452998693633
5,0.606452998693633
