"Time","Catch"
1,103.114983024332
2,103.114983024332
3,103.114983024332
4,103.114983024332
5,103.114983024332
