"Time","Catch"
1,0.674038261821241
2,0.674038261821241
3,0.674038261821241
4,0.674038261821241
5,0.674038261821241
