"Time","Catch"
1,302.642725962083
2,302.642725962083
3,302.642725962083
4,302.642725962083
5,302.642725962083
