"Time","Catch"
1,4623.97749616504
2,4623.97749616504
3,4623.97749616504
4,4623.97749616504
5,4623.97749616504
