"Time","Catch"
1,146.075819781963
2,146.075819781963
3,146.075819781963
4,146.075819781963
5,146.075819781963
