"Time","Catch"
1,652.365291594665
2,652.365291594665
3,652.365291594665
4,652.365291594665
5,652.365291594665
