"Time","Catch"
1,2818.53181210919
2,2818.53181210919
3,2818.53181210919
4,2818.53181210919
5,2818.53181210919
