"Time","Catch"
1,23.1904055937953
2,23.1904055937953
3,23.1904055937953
4,23.1904055937953
5,23.1904055937953
