"Time","Catch"
1,201.359068264586
2,201.359068264586
3,201.359068264586
4,201.359068264586
5,201.359068264586
