"Time","Catch"
1,69.3149855971808
2,69.3149855971808
3,69.3149855971808
4,69.3149855971808
5,69.3149855971808
