"Time","Catch"
1,622.129785938577
2,622.129785938577
3,622.129785938577
4,622.129785938577
5,622.129785938577
