"Time","Catch"
1,6.41442467007462
2,6.41442467007462
3,6.41442467007462
4,6.41442467007462
5,6.41442467007462
