"Time","Catch"
1,1.46402765894738
2,1.46402765894738
3,1.46402765894738
4,1.46402765894738
5,1.46402765894738
