"Time","Catch"
1,1.35341427527671
2,1.35341427527671
3,1.35341427527671
4,1.35341427527671
5,1.35341427527671
