"Time","Catch"
1,0.908628208285869
2,0.908628208285869
3,0.908628208285869
4,0.908628208285869
5,0.908628208285869
