"Time","Catch"
1,2.51651598104355
2,2.51651598104355
3,2.51651598104355
4,2.51651598104355
5,2.51651598104355
