"Time","Catch"
1,232.572305205733
2,232.572305205733
3,232.572305205733
4,232.572305205733
5,232.572305205733
