"Time","Catch"
1,0.0704449373279676
2,0.0704449373279676
3,0.0704449373279676
4,0.0704449373279676
5,0.0704449373279676
