"Time","Catch"
1,692.618934739953
2,692.618934739953
3,692.618934739953
4,692.618934739953
5,692.618934739953
