"Time","Catch"
1,1662.81362958327
2,1662.81362958327
3,1662.81362958327
4,1662.81362958327
5,1662.81362958327
