"Time","Catch"
1,156.561602184197
2,156.561602184197
3,156.561602184197
4,156.561602184197
5,156.561602184197
