"Time","Catch"
1,27.5167387955068
2,27.5167387955068
3,27.5167387955068
4,27.5167387955068
5,27.5167387955068
