"Time","Catch"
1,24.2426328932369
2,24.2426328932369
3,24.2426328932369
4,24.2426328932369
5,24.2426328932369
