"Time","Catch"
1,559.381281593667
2,559.381281593667
3,559.381281593667
4,559.381281593667
5,559.381281593667
