"Time","Catch"
1,208.517519137907
2,208.517519137907
3,208.517519137907
4,208.517519137907
5,208.517519137907
