"Time","Catch"
1,2.48685974591248
2,2.48685974591248
3,2.48685974591248
4,2.48685974591248
5,2.48685974591248
