"Time","Weight"
1,318.0000000159
2,318.0000000159
