"Time","Weight"
1,34.0000000017
2,34.0000000017
