"Time","Weight"
1,259.00000001295
2,259.00000001295
