"Time","Weight"
1,50.0000000025
2,50.0000000025
