"Time","Weight"
1,292.0000000146
2,292.0000000146
