"Time","Weight"
1,139.00000000695
2,139.00000000695
