"Time","Weight"
1,179.00000000895
2,179.00000000895
