"Time","Weight"
1,103.00000000515
2,103.00000000515
