"Time","Weight"
1,73.00000000365
2,73.00000000365
