"Time","Weight"
1,220.000000011
2,220.000000011
