"Time","Weight"
1,4.53425626973188
2,4.53425626973188
