"Time","Weight"
1,4.51373407444837
2,4.51373407444837
