"Time","Weight"
1,2.52696354895884
2,2.52696354895884
