"Time","Weight"
1,9.30456776387578
2,9.30456776387578
