"Time","Weight"
1,6.35169790076023
2,6.35169790076023
