"Time","Weight"
1,5.06125953270975
2,5.06125953270975
