"Time","Weight"
1,2.4141032778939
2,2.4141032778939
