"Time","Weight"
1,7.42304557336849
2,7.42304557336849
