"Time","Weight"
1,7.41591304337849
2,7.41591304337849
