"Time","Weight"
1,7.67541221352279
2,7.67541221352279
