"Time","Weight"
1,0.573463097786308
2,0.573463097786308
