"Time","Weight"
1,4.54893372518629
2,4.54893372518629
