"Time","Weight"
1,7.1026420950565
2,7.1026420950565
