"Time","Weight"
1,0.503399335093453
2,0.503399335093453
