"Time","Weight"
1,2.41276486370549
2,2.41276486370549
