"Time","Weight"
1,6.20016902929862
2,6.20016902929862
