"Time","Weight"
1,5.88408710470345
2,5.88408710470345
