"Time","Weight"
1,5.1774097382405
2,5.1774097382405
