"Time","Weight"
1,7.65372854680981
2,7.65372854680981
