"Time","Weight"
1,0.555385629948331
2,0.555385629948331
