"Time","Weight"
1,2.2721672755508
2,2.2721672755508
