"Time","Weight"
1,2.68568023785084
2,2.68568023785084
