"Time","Weight"
1,4.54075117481748
2,4.54075117481748
