"Time","Weight"
1,6.63033529390768
2,6.63033529390768
