"Time","Weight"
1,2.69244146130992
2,2.69244146130992
