"Time","Weight"
1,8.59149008567215
2,8.59149008567215
