"Time","Weight"
1,2.4710476751978
2,2.4710476751978
