"Time","Weight"
1,1.01910482255617
2,1.01910482255617
