"Time","Weight"
1,0.574767429568255
2,0.574767429568255
