"Time","Weight"
1,8.30895596736171
2,8.30895596736171
