"Time","Weight"
1,0.629877646251008
2,0.629877646251008
