"Time","Weight"
1,6.33611193318101
2,6.33611193318101
