"Time","Weight"
1,4.1316278371337
2,4.1316278371337
