"Time","Weight"
1,5.07773007115248
2,5.07773007115248
