"Time","Weight"
1,2.98656124202013
2,2.98656124202013
