"Time","Weight"
1,1.86268614809357
2,1.86268614809357
