"Time","Weight"
1,4.0123636974608
2,4.0123636974608
