"Time","Weight"
1,0.821952462449269
2,0.821952462449269
