"Time","Weight"
1,0.149136152589285
2,0.149136152589285
