"Time","Weight"
1,4.08136661250376
2,4.08136661250376
