"Time","Weight"
1,2.99616832021202
2,2.99616832021202
