"Time","Weight"
1,1.09102625860263
2,1.09102625860263
