"Time","Weight"
1,2.44184453442343
2,2.44184453442343
