"Time","Weight"
1,2.23477821700917
2,2.23477821700917
