"Time","Weight"
1,0.277917217709389
2,0.277917217709389
