"Time","Weight"
1,2.01416021951339
2,2.01416021951339
