"Time","Weight"
1,2.41136776468928
2,2.41136776468928
