"Time","Weight"
1,2.45722625764132
2,2.45722625764132
