"Time","Weight"
1,1.61940914548752
2,1.61940914548752
