"Time","Weight"
1,0.995828145386506
2,0.995828145386506
