"Time","Weight"
1,2.46496462070124
2,2.46496462070124
