"Time","Weight"
1,2.35136943290967
2,2.35136943290967
