"Time","Weight"
1,5.35287850469246
2,5.35287850469246
