"Time","Weight"
1,7.06600876446786
2,7.06600876446786
