"Time","Weight"
1,3.45541888811369
2,3.45541888811369
