"Time","Weight"
1,0.217051213475318
2,0.217051213475318
