"Time","Weight"
1,2.2479331926205
2,2.2479331926205
