"Time","Weight"
1,6.81922313062876
2,6.81922313062876
