"Time","Weight"
1,5.99735872267997
2,5.99735872267997
