"Time","Weight"
1,6.47393765557803
2,6.47393765557803
