"Time","Weight"
1,1.05908953327908
2,1.05908953327908
