"Time","Weight"
1,4.50831217930256
2,4.50831217930256
