"Time","Weight"
1,2.00899929058906
2,2.00899929058906
