"Time","Weight"
1,1.99517354501728
2,1.99517354501728
