"Time","Weight"
1,1.66545795567126
2,1.66545795567126
