"Time","Weight"
1,2.0144610069529
2,2.0144610069529
