"Time","Weight"
1,1.96034955182447
2,1.96034955182447
