"Time","Weight"
1,1.87375154710765
2,1.87375154710765
