"Time","Weight"
1,1.20754938672185
2,1.20754938672185
