"Time","Weight"
1,2.0174627232766
2,2.0174627232766
