"Time","Weight"
1,2.01661437660105
2,2.01661437660105
