"Time","Weight"
1,0.438953074801518
2,0.438953074801518
