"Time","Weight"
1,70.7090000035355
2,70.7090000035355
