"Time","Weight"
1,71.1055625035553
2,71.1055625035553
