"Time","Weight"
1,68.3060000034153
2,68.3060000034153
