"Time","Weight"
1,71.0330000035516
2,71.0330000035516
