"Time","Weight"
1,44.3030000022151
2,44.3030000022151
