"Time","Weight"
1,60.179000003009
2,60.179000003009
