"Time","Weight"
1,65.0643125032532
2,65.0643125032532
