"Time","Weight"
1,32.7250625016363
2,32.7250625016363
