"Time","Weight"
1,70.1976875035099
2,70.1976875035099
