"Time","Weight"
1,53.3564375026678
2,53.3564375026678
