"Time","Weight"
1,0.104060157164481
2,0.104060157164481
