"Time","Weight"
1,0.132040933682572
2,0.132040933682572
