"Time","Weight"
1,0.121149653353692
2,0.121149653353692
