"Time","Weight"
1,0.006260986680026
2,0.006260986680026
