"Time","Weight"
1,0.0697555109537439
2,0.0697555109537439
