"Time","Weight"
1,0.140817326698352
2,0.140817326698352
