"Time","Weight"
1,0.030568978531115
2,0.030568978531115
