"Time","Weight"
1,0.0337655685833196
2,0.0337655685833196
