"Time","Weight"
1,0.0069601838611629
2,0.0069601838611629
