"Time","Weight"
1,0.154980251819797
2,0.154980251819797
