"Time","Weight"
1,0.153042069324203
2,0.153042069324203
