"Time","Weight"
1,0.0951363900209535
2,0.0951363900209535
