"Time","Weight"
1,0.0634921579187494
2,0.0634921579187494
