"Time","Weight"
1,24627.2503610333
2,24627.2503610333
