"Time","Weight"
1,23309.5125245375
2,23309.5125245375
