"Time","Weight"
1,24652.5527656988
2,24652.5527656988
