"Time","Weight"
1,24652.5442634542
2,24652.5442634542
