"Time","Weight"
1,24652.4892375523
2,24652.4892375523
