"Time","Weight"
1,24652.5517477345
2,24652.5517477345
