"Time","Weight"
1,15899.4659544449
2,15899.4659544449
