"Time","Weight"
1,24466.9275080628
2,24466.9275080628
