"Time","Weight"
1,24649.1104138056
2,24649.1104138056
