"Time","Weight"
1,24652.0846784643
2,24652.0846784643
