"Time","Weight"
1,18.5328772421362
2,18.5328772421362
