"Time","Weight"
1,8.28872203908655
2,8.28872203908655
