"Time","Weight"
1,17.0747953146736
2,17.0747953146736
