"Time","Weight"
1,20.1594835711606
2,20.1594835711606
