"Time","Weight"
1,0.905169153193161
2,0.905169153193161
