"Time","Weight"
1,12.0351191847405
2,12.0351191847405
