"Time","Weight"
1,19.5123353954658
2,19.5123353954658
