"Time","Weight"
1,4.16126102474052
2,4.16126102474052
