"Time","Weight"
1,20.5826729447484
2,20.5826729447484
