"Time","Weight"
1,14.9619086112327
2,14.9619086112327
