"Time","Weight"
1,0.852036950527597
2,0.852036950527597
