"Time","Weight"
1,2.14282897220501
2,2.14282897220501
