"Time","Weight"
1,3.30607076516335
2,3.30607076516335
