"Time","Weight"
1,3.29791286982215
2,3.29791286982215
