"Time","Weight"
1,3.30689357184488
2,3.30689357184488
