"Time","Weight"
1,3.23929257958136
2,3.23929257958136
