"Time","Weight"
1,3.30385840799049
2,3.30385840799049
