"Time","Weight"
1,2.83551391608772
2,2.83551391608772
