"Time","Weight"
1,3.28195662308584
2,3.28195662308584
