"Time","Weight"
1,1.1973276023076
2,1.1973276023076
