"Time","Weight"
1,0.10898085488993
2,0.10898085488993
