"Time","Weight"
1,0.0196892983857995
2,0.0196892983857995
