"Time","Weight"
1,0.909560023686297
2,0.909560023686297
