"Time","Weight"
1,0.431922893758423
2,0.431922893758423
