"Time","Weight"
1,1.1214753955169
2,1.1214753955169
