"Time","Weight"
1,0.256965364730902
2,0.256965364730902
