"Time","Weight"
1,0.607938104698009
2,0.607938104698009
