"Time","Weight"
1,0.769506786653607
2,0.769506786653607
