"Time","Weight"
1,1.0264434607315
2,1.0264434607315
