"Time","Weight"
1,0.916666666745833
2,0.916666666745833
