"Time","Weight"
1,6.04169486399233
2,6.04169486399233
