"Time","Weight"
1,2.16243576486459
2,2.16243576486459
