"Time","Weight"
1,5.61766490351461
2,5.61766490351461
