"Time","Weight"
1,1.03015863257625
2,1.03015863257625
