"Time","Weight"
1,3.29449224163595
2,3.29449224163595
