"Time","Weight"
1,4.26741654975496
2,4.26741654975496
