"Time","Weight"
1,5.0374194051036
2,5.0374194051036
