"Time","Weight"
1,0.117595300354416
2,0.117595300354416
