"Time","Weight"
1,0.0536178812197287
2,0.0536178812197287
