"Time","Weight"
1,0.133746746293253
2,0.133746746293253
