"Time","Weight"
1,0.00214432954447812
2,0.00214432954447812
