"Time","Weight"
1,0.031123643936817
2,0.031123643936817
