"Time","Weight"
1,0.0127142791920342
2,0.0127142791920342
