"Time","Weight"
1,0.0984960761851146
2,0.0984960761851146
