"Time","Weight"
1,1.23556456752319
2,1.23556456752319
