"Time","Weight"
1,1.20012523733575
2,1.20012523733575
