"Time","Weight"
1,0.883981122757994
2,0.883981122757994
