"Time","Weight"
1,267.928987513396
2,267.928987513396
