"Time","Weight"
1,267.456800013373
2,267.456800013373
