"Time","Weight"
1,281.581800014079
2,281.581800014079
