"Time","Weight"
1,267.546800013377
2,267.546800013377
