"Time","Weight"
1,170.21180000851
2,170.21180000851
