"Time","Weight"
1,261.789612513089
2,261.789612513089
