"Time","Weight"
1,217.507737510875
2,217.507737510875
