"Time","Weight"
1,246.586800012329
2,246.586800012329
