"Time","Weight"
1,270.650862513532
2,270.650862513532
