"Time","Weight"
1,100.358362505018
2,100.358362505018
