"Time","Weight"
1,1.41042164878682
2,1.41042164878682
