"Time","Weight"
1,1.12041645046601
2,1.12041645046601
