"Time","Weight"
1,1.24500000006225
2,1.24500000006225
