"Time","Weight"
1,0.66573272502807
2,0.66573272502807
