"Time","Weight"
1,0.34883453028088
2,0.34883453028088
