"Time","Weight"
1,0.930197573669166
2,0.930197573669166
