"Time","Weight"
1,1.4295303942394
2,1.4295303942394
