"Time","Weight"
1,1.24727351213946
2,1.24727351213946
