"Time","Weight"
1,1.32844144243091
2,1.32844144243091
