"Time","Weight"
1,1.37916200044068
2,1.37916200044068
