"Time","Weight"
1,0.0785897130992474
2,0.0785897130992474
