"Time","Weight"
1,46.4528296023226
2,46.4528296023226
