"Time","Weight"
1,49.2989608024648
2,49.2989608024648
