"Time","Weight"
1,50.5657000025283
2,50.5657000025283
