"Time","Weight"
1,34.1971624017098
2,34.1971624017098
