"Time","Weight"
1,46.9882792023494
2,46.9882792023494
