"Time","Weight"
1,43.8274216021913
2,43.8274216021913
