"Time","Weight"
1,50.0761000025039
2,50.0761000025039
