"Time","Weight"
1,47.657130402383
2,47.657130402383
