"Time","Weight"
1,48.6863272024342
2,48.6863272024342
