"Time","Weight"
1,18.4933288009246
2,18.4933288009246
