"Time","Weight"
1,4.500000000225
2,4.500000000225
