"Time","Weight"
1,0.153867108707153
2,0.153867108707153
