"Time","Weight"
1,0.684210857249143
2,0.684210857249143
