"Time","Weight"
1,0.617477720387643
2,0.617477720387643
