"Time","Weight"
1,0.734054866428769
2,0.734054866428769
