"Time","Weight"
1,0.770696284889457
2,0.770696284889457
