"Time","Weight"
1,0.29075335298208
2,0.29075335298208
