"Time","Weight"
1,0.530260935674202
2,0.530260935674202
