"Time","Weight"
1,0.0410238958157484
2,0.0410238958157484
