"Time","Weight"
1,0.420501225102068
2,0.420501225102068
