"Time","Weight"
1,2968.39150614842
2,2968.39150614842
