"Time","Weight"
1,3402.37388017012
2,3402.37388017012
