"Time","Weight"
1,3380.028770169
2,3380.028770169
