"Time","Weight"
1,3224.39026716122
2,3224.39026716122
