"Time","Weight"
1,0.633122989259117
2,0.633122989259117
