"Time","Weight"
1,491.91465956193
2,491.91465956193
