"Time","Weight"
1,187.448715713385
2,187.448715713385
