"Time","Weight"
1,469.109286154817
2,469.109286154817
