"Time","Weight"
1,498.384519819809
2,498.384519819809
