"Time","Weight"
1,483.95931805277
2,483.95931805277
