"Time","Weight"
1,496.144433489191
2,496.144433489191
