"Time","Weight"
1,310.470441236652
2,310.470441236652
