"Time","Weight"
1,52.2383197531896
2,52.2383197531896
