"Time","Weight"
1,441.78913631673
2,441.78913631673
