"Time","Weight"
1,392.938241164517
2,392.938241164517
