"Time","Weight"
1,11.1335534521327
2,11.1335534521327
