"Time","Weight"
1,13.3362475897483
2,13.3362475897483
