"Time","Weight"
1,0.526781091254299
2,0.526781091254299
