"Time","Weight"
1,4.67832125351569
2,4.67832125351569
