"Time","Weight"
1,2.89003337745483
2,2.89003337745483
