"Time","Weight"
1,8.90352831450689
2,8.90352831450689
