"Time","Weight"
1,0.0785335633274978
2,0.0785335633274978
