"Time","Weight"
1,15.4575840572674
2,15.4575840572674
