"Time","Weight"
1,6.72019518646756
2,6.72019518646756
