"Time","Weight"
1,0.0933002043804685
2,0.0933002043804685
