"Time","Weight"
1,0.136064342955466
2,0.136064342955466
