"Time","Weight"
1,0.0411564978895525
2,0.0411564978895525
