"Time","Weight"
1,0.0180748367985297
2,0.0180748367985297
