"Time","Weight"
1,0.116424341056666
2,0.116424341056666
