"Time","Weight"
1,0.0675119402029843
2,0.0675119402029843
