"Time","Weight"
1,0.00346571214297561
2,0.00346571214297561
