"Time","Weight"
1,0.152159299167648
2,0.152159299167648
