"Time","Weight"
1,0.101577778069234
2,0.101577778069234
