"Time","Weight"
1,0.025639676360864
2,0.025639676360864
