"Time","Weight"
1,0.00505984720055209
2,0.00505984720055209
