"Time","Weight"
1,0.0801771237511056
2,0.0801771237511056
