"Time","Weight"
1,0.0536255281579941
2,0.0536255281579941
