"Time","Weight"
1,0.648611983038331
2,0.648611983038331
