"Time","Weight"
1,0.588942825608806
2,0.588942825608806
