"Time","Weight"
1,0.638562815254877
2,0.638562815254877
