"Time","Weight"
1,0.647505332962377
2,0.647505332962377
