"Time","Weight"
1,0.117573560326384
2,0.117573560326384
