"Time","Weight"
1,0.511254625828347
2,0.511254625828347
