"Time","Weight"
1,0.649074670410979
2,0.649074670410979
