"Time","Weight"
1,0.64486151381534
2,0.64486151381534
