"Time","Weight"
1,0.623656253189364
2,0.623656253189364
