"Time","Weight"
1,0.354269278760926
2,0.354269278760926
