"Time","Weight"
1,3.54865434058067
2,3.54865434058067
