"Time","Weight"
1,8.15085515841746
2,8.15085515841746
