"Time","Weight"
1,0.961099654981274
2,0.961099654981274
