"Time","Weight"
1,7.31999153098455
2,7.31999153098455
