"Time","Weight"
1,2.19711577754086
2,2.19711577754086
