"Time","Weight"
1,0.172549176828791
2,0.172549176828791
