"Time","Weight"
1,6.68060930356051
2,6.68060930356051
