"Time","Weight"
1,7.79849155072729
2,7.79849155072729
