"Time","Weight"
1,4.79675919457784
2,4.79675919457784
