"Time","Weight"
1,5.8464281378847
2,5.8464281378847
