"Time","Weight"
1,2012.24760310061
2,2012.24760310061
