"Time","Weight"
1,3357.05320816785
2,3357.05320816785
