"Time","Weight"
1,3343.08654316715
2,3343.08654316715
