"Time","Weight"
1,3325.9826291663
2,3325.9826291663
