"Time","Weight"
1,2999.19384514996
2,2999.19384514996
